id;usuario;senha;access_token;token_type
1;elementary briskly afterwards;afore;pinstripe;nicely
2;not inside;once likable independence;searchingly ha;loyally before meanwhile
3;boggle whoever forenenst;turret;incidentally treble quickly;plump tapioca mysteriously
4;cheap upbeat;spear informal famously;psst as scarily;failing till justly
5;vice republican simplistic;limply lightly;sometimes hence;carelessly
6;word revoke anenst;repeatedly;conceal;ironclad
7;cutlet;ick wring;sans likely;around
8;unlike er;mysteriously eek;wide victoriously whoa;shaft about after
9;suspension;unwelcome through;thoroughly;what
10;under;pertain during utterly;furthermore;even
